,Archive=1,Contact Hospital=0,Contact Hospital=1,Create Questionnaire=1,Decide Claim=1,High Insurance Check=0,High Insurance Check=1,High Medical History=0,High Medical History=1,Low Insurance Check=0,Low Insurance Check=1,Low Medical History=0,Low Medical History=1,Notify by Phone=0,Notify by Phone=1,Notify by Post=0,Notify by Post=1,Notify by e-mail=0,Notify by e-mail=1,Prepare Notification Content=1,Receive Questionnaire Respons=0,Receive Questionnaire Response=0,Register=1,Send Notification by Phone=0,Send Notification by Phone=1,Send Notification by Post=0,Send Notification by Post=1,Send Notification by e-mail=0,Send Notification by e-mail=1,Send Questionnaire=1,Skip Questionnaire=1,_Prediction=-
0,0.0,0.0,0.057390558872932554,0.0,0.0,0.0,0.06206132947669222,0.0,0.05287748779962467,0.057784601726114715,0.0,0.04914691370353962,0.0,0.10191180517815611,0.0,0.0,0.05343979658523201,-0.004725889594290082,0.0,0.0,0.0,0.3415198604248622,0.0,0.09660694611559217,0.0,0.0,0.06233952623916606,-0.014839413851500612,0.0,0.0,0.0,0
1,0.0,-0.0551725634352547,0.0,0.0,0.0,-0.06481736681671216,0.0,-0.05551888036168097,0.0,0.0,-0.05474319286752117,0.0,-0.0671596114000602,0.0,-0.09800004949701402,-0.05192233808673644,0.0,0.0,0.007248559772962581,0.0,0.0,0.3624226760184928,0.0,0.0,-0.10250708115661866,-0.057443160613179875,0.0,0.0,0.0003889018666969536,0.0,0.0,0
2,0.0,0.0,0.056762312589920226,0.0,0.0,0.0,0.06118469541830037,0.0,0.06283964190512335,0.05536470842806998,0.0,0.05044332835126352,0.0,0.10023684833613629,0.0,0.0,0.053201564411523995,-0.001912057050056501,0.0,0.0,-0.35093075357347214,0.0,0.0,0.10185632670270202,0.0,0.0,0.05776302305870977,-0.009235703170173564,0.0,0.0,0.0,0
3,0.0,-0.0480702332885514,0.0,0.0,0.0,-0.0556142424387687,0.0,-0.06029348630787584,0.0,0.0,-0.06288676960459326,0.0,-0.052918663862181005,0.09445449211170828,0.0,-0.058640406646878654,0.0,-0.008177083320005935,0.0,0.0,0.0,0.3491891762755332,0.0,0.08600537502250676,0.0,-0.05649214943187768,0.0,-0.00028429065010305226,0.0,0.0,0.0,0
4,0.0,0.0,0.05618687282179853,0.0,0.0,0.0,0.047535283950299885,0.0,0.04732001841792695,0.04810220242567401,0.0,0.05508851045355036,0.0,0.0,-0.0998837104723086,0.0,0.047909383973585074,0.0,0.0002653827876121991,0.0,0.0,0.3484741225289011,0.0,0.0,-0.10208310593058309,0.0,0.048156474538903565,0.0,0.0021995709067028453,0.0,0.0,0
