,0.00 < Contact Hospital <= 1.00,0.00 < High Insurance Check <= 1.00,0.00 < High Medical History <= 1.00,0.00 < Low Insurance Check <= 1.00,0.00 < Low Medical History <= 1.00,0.00 < Notify by Phone <= 1.00,0.00 < Notify by Post <= 1.00,0.00 < Send Notification by Phone <= 1.00,0.00 < Send Notification by Post <= 1.00,Contact Hospital <= 0.00,High Insurance Check <= 0.00,High Medical History <= 0.00,Low Insurance Check <= 0.00,Low Medical History <= 0.00,Notify by Phone <= 0.00,Notify by Post <= 0.00,Receive Questionnaire Response <= 0.00,Receive Questionnaire Response > 0.00,Send Notification by Phone <= 0.00,Send Notification by Post <= 0.00,_Prediction <= ----
0,0.05255544407791121,0.05422752901223147,0.05352820403369268,0.0,0.0,0.0,0.0519742582063791,0.0,0.06297088547466094,0.0,0.0,0.0,0.049173787407167,0.054496104798341154,0.09382699003820563,0.0,0.33747558852803144,0.0,0.1053618174350739,0.0,0
1,0.0,0.0,0.0,-0.05169198594232335,-0.050566092040561,-0.09943170233455384,0.0,-0.09433680413166856,0.0,-0.0641847772630271,-0.06759393704955732,-0.05696816700289751,0.0,0.0,0.0,-0.05468625016391476,0.3556614721071204,0.0,0.0,-0.05916878974950171,0
2,0.053589801815166864,0.05440551408644662,0.06448734116317191,0.0,0.0,0.0,0.05466618690550814,0.0,0.05119513344736977,0.0,0.0,0.0,0.05690270236898145,0.06341167187126243,0.10083505602004558,0.0,0.0,-0.32777220266044,0.1023695880794459,0.0,0
3,0.05553165394298863,0.05035790159479697,0.06004359589952455,0.0,0.0,-0.10001496448745194,0.05590168958754167,-0.10174360175227332,0.05318954275221612,0.0,0.0,0.0,0.049791947298519025,0.05973629691536014,0.0,0.0,0.3412709308756897,0.0,0.0,0.0,0
4,0.0,0.0,0.0,-0.05845012653549434,-0.054117296559705055,0.0,0.0,0.0,0.0,-0.06898917980259425,-0.05711481220016415,-0.05436237620464138,0.0,0.0,0.09030811368018343,-0.06255682346777013,0.35736952162304203,0.0,0.0906260798328134,-0.054673985659379615,0
