,Contact Hospita=0,Contact Hospital=0,High Insurance Chec=0,High Insurance Check=0,High Medical Histor=0,High Medical History=0,Low Insurance Check=0,Low Insurance Check=1,Low Medical History=0,Low Medical History=1,Notify by Phone=0,Notify by Phone=1,Notify by Pos=0,Notify by Post=0,Notify by e-mail=0,Notify by e-mail=1,Send Notification by Phone=0,Send Notification by Phone=1,Send Notification by Pos=0,Send Notification by Post=0,Send Notification by e-mail=0,Send Notification by e-mail=1,pr=t
0,0.0,0.014553842053019754,0.0,0.019616220894012507,0.0,0.022732351322503758,0.0,0.00779711123733216,0.0,0.021087330567106165,-0.11348025767785082,0.0,0.0,0.017509906910083084,0.0,0.0,-0.10383871032908354,0.0,0.0,0.013778774466764739,-0.008545812263934631,0.0,1
1,0.0,0.01854627823441686,0.0,0.01695374354820138,0.0,0.02248552912600698,0.0,0.015990798283259063,0.0,0.0228677937628486,-0.09882209679619929,0.0,0.0,0.019233917822007212,0.0,0.0,-0.10608317364184608,0.0,0.0,0.009624309056501114,0.0,0.014628931078319092,1
2,0.025908949337047654,0.0,0.016046937748670442,0.0,0.0173681222014315,0.0,0.020062772198170858,0.0,0.017809751123320526,0.0,0.0,-0.10288144665733236,0.025831475097270993,0.0,0.015149561896331312,0.0,0.0,-0.11979273373587584,0.02280286214943428,0.0,0.0,0.0,0
3,0.0,0.025363951027176073,0.0,0.017519039740451072,0.0,0.01847601587273934,0.0,0.03217942207949718,0.0,0.013384240627076856,0.0,0.11456517852760625,0.0,0.00917228973906176,0.0,0.011344060322346363,0.0,0.10325937121497923,0.0,0.01407721000381401,0.0,0.0,1
4,-0.025780635072852092,0.0,-0.021066594383173074,0.0,-0.011642164974469219,0.0,-0.02393452357796897,0.0,-0.02187935661633368,0.0,0.0,0.11383580121731501,-0.01144288062455267,0.0,0.0,0.009709848144601697,0.0,0.11379833577491927,-0.015189649776782504,0.0,0.0,0.0,1
5,0.0,0.019503614475572636,0.0,0.006936207450989257,0.0,0.0,0.0,0.02761104492353366,0.0,0.01899808392448192,0.0,0.10408238184844741,0.0,0.01034279157107513,-0.012076333328086617,0.0,0.0,0.11044744103293327,0.0,0.019405067033038625,-0.014035010799632278,0.0,1
