,Contact Hospita=0,Contact Hospital=0,High Insurance Chec=0,High Insurance Check=0,High Medical Histor=0,High Medical History=0,Low Insurance Check=0,Low Insurance Check=1,Low Medical History=0,Low Medical History=1,Notify by Phone=0,Notify by Phone=1,Notify by e-mail=0,Notify by e-mail=1,Send Notification by Phone=0,Send Notification by Phone=1,Send Notification by Pos=0,Send Notification by Post=0,Send Notification by e-mail=0,Send Notification by e-mail=1,pr=t
0,0.0,0.02416674975676422,0.0,0.02158972210921752,0.0,0.05048314052517595,0.0,0.02204416943228377,0.0,0.034992047947102825,0.0,0.07878614245510693,0.009217100197170805,0.0,0.0,0.037916061122191626,0.0,0.05058994107255317,0.02512511834517277,0.0,1
1,-0.02334123996767832,0.0,-0.021788611828950973,0.0,-0.04874731944115257,0.0,-0.019198064609342636,0.0,-0.033924136933327645,0.0,0.0,0.08382753424048212,0.0,-0.008811725708572304,0.0,0.03916209872122306,-0.04922183256929073,0.0,0.0,-0.02275601576452963,1
2,0.0,0.024130701874598752,0.0,0.021366330347012998,0.0,0.050244772268999184,0.0,0.021448000319760647,0.0,0.03596677477730393,-0.0793424163198343,0.0,0.0,-0.007555751593348695,-0.03642438995252435,0.0,0.0,0.04929076856703067,0.0,-0.02421409626723441,1
3,0.0,0.02349741311769283,0.0,0.021924910394906995,0.0,0.04979011944135172,0.0,0.020195125533179245,0.0,0.03374669802951113,0.0,0.07874838742584918,0.0,-0.00906826168654843,0.0,0.038302081183526536,0.0,0.04946353801454111,0.0,-0.024468292259445832,1
4,0.0,0.024667543424304817,0.0,0.021762767075266105,0.0,0.05046273350274029,0.0,0.02249722527260144,0.0,0.034856404516366006,-0.07970343225362528,0.0,0.008477479598977176,0.0,-0.03824062870626997,0.0,0.0,0.05156559280221829,0.024572549785164956,0.0,1
5,-0.022887307247000728,0.0,-0.020548390739376685,0.0,-0.05138497587538618,0.0,-0.020242966625208435,0.0,-0.033628295975659986,0.0,0.0,0.08306252315257644,0.009673437684460995,0.0,0.0,0.03915041142347423,-0.05082465146047525,0.0,0.02408031725063396,0.0,1
